date,product_id,base_price,discount,weather,temperature,festival,competitor_price,marketing_spend,demand
01-01-2023,1006,202.41,0.01,Sunny,27.8,0,302.47,1572.41,38
02-01-2023,1003,390.44,0.01,Sunny,11.6,0,139,5965.19,31
03-01-2023,1007,337.19,0.22,Rainy,23.6,0,202.99,8569.87,21
04-01-2023,1004,140.89,0.2,Cloudy,30.2,0,183.11,9971.64,84
05-01-2023,1006,467.5,0.24,Cloudy,30.3,1,173.28,4873.09,64
06-01-2023,1009,416.03,0.03,Cloudy,21.2,1,250.35,3882.69,41
07-01-2023,1002,109.21,0.01,Rainy,38.3,1,364.57,9159.88,91
08-01-2023,1006,360.55,0.15,Rainy,15,0,174.81,2721.18,43
09-01-2023,1007,408.5,0.12,Rainy,25,0,233,6538.86,27
10-01-2023,1004,249.77,0.14,Rainy,30.7,0,242.46,4651.43,41
11-01-2023,1003,127.57,0.3,Rainy,30.9,0,470.82,1369.74,32
12-01-2023,1007,130.93,0.29,Cloudy,29.5,0,462.32,4125.6,56
13-01-2023,1007,141.7,0.28,Sunny,18.3,0,402.05,3387.06,49
14-01-2023,1002,436.18,0.24,Cloudy,14.7,0,184.25,7174.82,35
15-01-2023,1005,464.27,0.11,Sunny,29.1,1,116.53,9539.11,53
16-01-2023,1004,149.12,0.12,Rainy,28,0,213.59,3412.42,40
17-01-2023,1001,194.36,0.16,Sunny,15.4,0,194.05,8303.19,59
18-01-2023,1007,166.21,0.25,Cloudy,31.2,0,287.31,1498.24,62
19-01-2023,1005,174.53,0.02,Cloudy,23.7,0,393.31,5843.09,40
20-01-2023,1001,435,0.13,Sunny,30,0,424.75,1634.95,35
21-01-2023,1004,232.86,0.02,Rainy,35.1,1,419.5,9406.3,93
22-01-2023,1000,224.58,0.15,Rainy,15.1,1,230.27,7897.16,91
23-01-2023,1009,190.96,0.27,Cloudy,10.6,1,358.02,6921.55,79
24-01-2023,1005,343.16,0.23,Sunny,33.4,1,212.01,8415.07,53
25-01-2023,1008,251.72,0.07,Rainy,28.3,0,113.75,6827.68,51
26-01-2023,1000,397.7,0.29,Rainy,31,0,363.61,9720.5,55
27-01-2023,1009,182.23,0.2,Cloudy,35.1,0,93.83,7425.62,55
28-01-2023,1002,415.12,0,Rainy,34.1,0,249.58,9321.93,40
29-01-2023,1006,341.49,0.08,Sunny,38.8,0,218.46,5654.19,44
30-01-2023,1003,145.71,0.08,Cloudy,26.1,0,360.42,2053.58,23
31-01-2023,1008,265.8,0.02,Cloudy,24.7,0,388.84,5753.6,63
01-02-2023,1002,445.41,0.29,Sunny,22.1,0,208.6,2141.86,11
02-02-2023,1004,469.18,0.14,Cloudy,14.6,0,406.53,6332.44,28
03-02-2023,1002,286.28,0.27,Rainy,27.2,0,204.63,5342.44,44
04-02-2023,1006,292.33,0.1,Rainy,18.3,0,264.07,6603.18,55
05-02-2023,1004,467.38,0.04,Sunny,37.6,0,373.54,1090.42,28
06-02-2023,1008,334.83,0.14,Rainy,27.5,0,360.24,2753.56,33
07-02-2023,1006,113.14,0.03,Sunny,27.8,0,475.07,5421.97,54
08-02-2023,1001,465.1,0.15,Sunny,20.6,0,177.81,9554.53,40
09-02-2023,1003,199.29,0.28,Rainy,11.6,0,348.3,4452.48,26
10-02-2023,1008,331.05,0.16,Sunny,11,0,327.78,4819.35,38
11-02-2023,1001,166.21,0.18,Rainy,22.7,0,446.89,7432.26,48
12-02-2023,1009,113.55,0.05,Cloudy,12.5,0,150.98,6434.13,70
13-02-2023,1008,224.59,0.01,Cloudy,28.2,0,383.2,3690.34,50
14-02-2023,1009,412.2,0.03,Sunny,36.4,0,311.62,4697.35,42
15-02-2023,1004,211.03,0.18,Rainy,36.5,0,197.12,2959.3,53
16-02-2023,1001,188.04,0.03,Rainy,29.8,0,275.03,9694.19,47
17-02-2023,1003,185.07,0.11,Cloudy,16.3,0,220.17,2175.71,35
18-02-2023,1006,306.07,0.17,Cloudy,35.9,0,315.93,4346.53,52
19-02-2023,1007,490.22,0.12,Rainy,36.6,0,436.71,1232.55,23
20-02-2023,1002,283.6,0.05,Sunny,15.9,0,312.03,2996.02,47
21-02-2023,1000,322.92,0.08,Cloudy,32.1,0,336.37,8024.24,53
22-02-2023,1003,444.25,0.28,Sunny,18.6,0,292.31,2810.58,10
23-02-2023,1001,314.03,0.2,Sunny,34.1,0,109.95,1720.57,31
24-02-2023,1007,173.79,0.15,Cloudy,39.9,0,180.81,5270.08,64
25-02-2023,1003,219.84,0,Sunny,10.9,0,281.88,1089.72,12
26-02-2023,1001,223.97,0.3,Sunny,36.9,0,210.99,1762.9,66
27-02-2023,1005,258.93,0.2,Rainy,28.7,0,160.89,8268.63,59
28-02-2023,1005,270.72,0.1,Sunny,39.2,0,286.61,7943.26,70
01-03-2023,1009,419.91,0.26,Rainy,24,0,215.9,9236.25,22
02-03-2023,1003,239.75,0.08,Cloudy,35.4,0,190.66,8690.64,73
03-03-2023,1005,287.29,0.16,Cloudy,11.9,1,270.95,7148.58,93
04-03-2023,1001,349.99,0.19,Rainy,20.1,0,141.98,1471,14
05-03-2023,1009,251.09,0.07,Cloudy,12,0,451.82,8045.64,54
06-03-2023,1001,434.63,0.29,Sunny,39.3,0,428.4,8609.6,43
07-03-2023,1009,334.98,0.22,Sunny,34.5,0,365.97,8191.74,34
08-03-2023,1003,217.62,0.17,Sunny,35.6,0,131.42,5576.31,62
09-03-2023,1007,385.62,0.05,Cloudy,38.1,0,392.59,3096.12,45
10-03-2023,1006,311.06,0.02,Sunny,12.6,0,405.1,8607.97,36
11-03-2023,1008,313.78,0.1,Cloudy,21.6,1,389.43,7544.47,86
12-03-2023,1007,292.44,0.23,Sunny,12.1,0,134.45,9826.85,29
13-03-2023,1004,298.8,0.08,Rainy,16.3,0,341.12,2401.23,18
14-03-2023,1001,406.14,0.16,Cloudy,16.9,1,415.39,3030.98,55
15-03-2023,1004,141.19,0.22,Cloudy,24.1,0,315.17,2906.18,53
16-03-2023,1007,233.75,0.03,Sunny,18.1,1,342.1,8132.86,74
17-03-2023,1009,130.2,0.21,Cloudy,13,0,268.76,2682.17,56
18-03-2023,1008,401.3,0.03,Cloudy,15,1,296.2,1599.94,55
19-03-2023,1008,208.92,0.29,Rainy,14.4,0,103.41,9987.05,64
20-03-2023,1000,458.97,0.15,Rainy,39.2,0,339.2,1223.35,24
21-03-2023,1008,310.63,0.05,Sunny,32.8,1,121.76,8517.2,88
22-03-2023,1006,420.3,0.1,Rainy,39,0,259.66,4288.3,31
23-03-2023,1008,491.57,0.12,Sunny,23.2,0,204.14,8574.54,50
24-03-2023,1007,435.92,0.23,Sunny,18.4,0,302.72,5991.58,19
25-03-2023,1000,446.8,0.22,Sunny,33.9,0,142.03,9114.68,61
26-03-2023,1007,263.19,0.18,Cloudy,19.8,0,359.74,9335.74,52
27-03-2023,1007,320.69,0.03,Rainy,19,0,400.05,1081.88,15
28-03-2023,1002,201.56,0.05,Sunny,17,0,153.71,1678.71,55
29-03-2023,1000,178.45,0.03,Rainy,13.9,0,130.68,3253.23,46
30-03-2023,1007,302.2,0.17,Sunny,17.7,0,146.75,7023.84,51
31-03-2023,1002,338.02,0.26,Rainy,20.7,0,432.08,8994.45,56
01-04-2023,1002,235.71,0.13,Rainy,30.2,0,295.99,5139.48,55
02-04-2023,1000,327.78,0.05,Sunny,11.9,0,272.23,6462.76,30
03-04-2023,1004,454.98,0.17,Cloudy,16.3,0,131.62,2696.5,27
04-04-2023,1009,322.69,0.24,Rainy,34.3,0,343.33,8244.7,51
05-04-2023,1006,388.33,0.22,Cloudy,14.4,0,428.52,9705.95,44
06-04-2023,1009,422.13,0.26,Cloudy,20.3,0,412.99,3417.39,3
07-04-2023,1008,495.49,0.08,Sunny,35.9,0,334.16,5453.43,33
08-04-2023,1006,341.28,0.06,Sunny,14.6,1,119.36,1775.04,50
09-04-2023,1008,422.74,0.26,Sunny,12.5,0,133.83,6032.23,42
10-04-2023,1007,485.06,0.2,Rainy,24.5,0,109.23,5525.05,31
11-04-2023,1001,477.76,0.09,Sunny,19.1,0,190.42,2299.93,18
12-04-2023,1000,156.43,0.22,Sunny,26.9,0,142.91,4978.6,62
13-04-2023,1006,262.56,0.24,Rainy,34.1,1,191.42,4006.94,68
14-04-2023,1006,229.6,0.18,Rainy,14.1,0,240.17,5696.48,61
15-04-2023,1007,134.77,0.21,Sunny,27.4,0,457.76,6270.89,82
16-04-2023,1004,353.3,0.11,Sunny,25.2,1,328.05,1076.46,63
17-04-2023,1002,394.36,0.16,Sunny,14.3,0,415.64,7849.05,49
18-04-2023,1007,439.25,0.16,Sunny,28.7,0,367.04,7417.13,29
19-04-2023,1005,149.11,0.25,Cloudy,18.2,0,133.88,4296.58,44
20-04-2023,1002,450.58,0.25,Cloudy,24.6,0,377.01,1476.42,20
21-04-2023,1000,357.17,0.25,Sunny,12.5,1,197.29,7794.39,70
22-04-2023,1002,381.58,0,Cloudy,23.8,1,339.25,9596.58,68
23-04-2023,1004,464.25,0.22,Rainy,19.2,0,222.98,3161.36,24
24-04-2023,1002,349.9,0.23,Cloudy,34.7,0,479.09,3911.72,43
25-04-2023,1000,234.35,0.2,Cloudy,11.7,1,192.79,2654.32,57
26-04-2023,1004,430.04,0.23,Sunny,22.6,0,198.86,6192.43,35
27-04-2023,1009,245.22,0.25,Cloudy,23.8,0,452.96,2393.57,50
28-04-2023,1006,113.69,0.14,Cloudy,31.8,1,99.61,4205.75,94
29-04-2023,1006,432.26,0.15,Cloudy,27.2,0,361.71,7273.12,46
30-04-2023,1008,238.08,0.04,Cloudy,30,0,372.88,6041.04,41
01-05-2023,1009,409.53,0.12,Rainy,33.3,0,416.19,4478.16,39
02-05-2023,1009,245.1,0.19,Sunny,35.9,1,470.03,4782.25,71
03-05-2023,1002,444.43,0.23,Sunny,19.4,0,470.48,6059,16
04-05-2023,1006,187.8,0.07,Rainy,26.1,0,115.46,1052.78,40
05-05-2023,1000,489.82,0.04,Cloudy,35.2,0,410.52,1706.59,12
06-05-2023,1003,411.9,0.2,Rainy,39.7,0,342.06,8931.32,41
07-05-2023,1003,145.7,0,Cloudy,36.7,0,342.46,1700.91,55
08-05-2023,1004,326.31,0.05,Rainy,21.1,0,140.06,7361.23,51
09-05-2023,1006,494.15,0.01,Sunny,15.9,0,343.57,9280.34,23
10-05-2023,1006,288.43,0.05,Sunny,24.7,0,473.17,3436.15,24
11-05-2023,1003,172.84,0.05,Sunny,32.2,1,445.61,4334.42,98
12-05-2023,1006,293.91,0.12,Cloudy,24.8,0,261.26,6120.29,36
13-05-2023,1002,304.98,0.12,Cloudy,24.5,1,105.58,8935.38,79
14-05-2023,1005,396.67,0.26,Rainy,35.1,0,231.29,9477.15,51
15-05-2023,1001,379.54,0.15,Rainy,20.8,0,412.29,7656.07,39
16-05-2023,1009,261.02,0.22,Sunny,35.8,0,363.58,1779.58,56
17-05-2023,1008,187.21,0.03,Cloudy,22.2,0,269.14,7022.39,61
18-05-2023,1004,358.02,0.07,Rainy,19.8,1,111.49,4692.73,54
19-05-2023,1005,268.68,0.21,Cloudy,23.6,0,256.49,5236.31,67
20-05-2023,1003,152.91,0.02,Cloudy,32.9,0,272.92,1442.34,55
21-05-2023,1009,460.23,0.15,Sunny,13.8,0,452.14,2719.56,14
22-05-2023,1006,376.49,0.18,Sunny,15.9,0,340.02,8114.62,46
23-05-2023,1008,373.27,0.18,Cloudy,38.5,0,211.54,5085.63,44
24-05-2023,1006,429.03,0.01,Cloudy,15.3,0,294.87,3714.96,26
25-05-2023,1000,311.86,0.1,Cloudy,27,0,115.76,4456.17,66
26-05-2023,1000,426.02,0.19,Cloudy,27.4,0,469.3,8689.6,35
27-05-2023,1008,299.24,0.04,Sunny,24.7,0,230.42,7740.99,44
28-05-2023,1008,126.87,0.21,Rainy,29.3,0,276.37,3450.84,60
29-05-2023,1003,262.1,0.22,Sunny,16.9,0,228.56,2057.52,47
30-05-2023,1008,298.99,0.29,Rainy,26.6,0,356.18,3267.98,24
31-05-2023,1002,388.08,0.06,Cloudy,21.2,0,348.27,9286.81,20
01-06-2023,1006,142.63,0.25,Rainy,29.9,0,368.98,6234.3,57
02-06-2023,1005,156.01,0.16,Sunny,14.2,0,194.58,5801.32,36
03-06-2023,1007,205.47,0.11,Sunny,27.1,0,213.11,6367.54,51
04-06-2023,1008,206.6,0.04,Cloudy,15.6,1,138.85,4294.25,80
05-06-2023,1004,392.87,0.22,Sunny,18.4,0,345.65,8263.96,27
06-06-2023,1000,200.29,0.07,Cloudy,16.6,0,105.52,5709.58,35
07-06-2023,1002,353.24,0.11,Sunny,15.5,1,323.1,2050.73,57
08-06-2023,1009,297.71,0.02,Sunny,34.8,1,429.18,2161.59,80
09-06-2023,1007,329.32,0.24,Cloudy,18.6,0,437.42,5831.73,21
10-06-2023,1005,435.24,0.23,Rainy,37.8,1,265.12,9429.13,82
11-06-2023,1007,261.75,0.22,Sunny,39.1,0,269.13,3775.17,59
12-06-2023,1008,408.36,0.09,Rainy,27.1,0,120.02,8825.87,49
13-06-2023,1003,268.81,0.05,Sunny,14.3,0,351.6,7876.86,58
14-06-2023,1000,241.55,0.19,Sunny,21.2,0,410.29,3230.31,64
15-06-2023,1000,483.45,0.15,Sunny,33.9,0,185.42,1327.07,17
16-06-2023,1009,173.75,0.05,Sunny,21,0,254.31,1916.63,48
17-06-2023,1003,136.13,0.21,Rainy,12.6,0,417.15,7556.45,53
18-06-2023,1006,408.39,0.3,Rainy,26.7,1,432.08,2797.03,58
19-06-2023,1001,127.3,0.22,Sunny,35.4,1,184.84,4341.44,108
20-06-2023,1002,434.83,0.22,Sunny,33.9,0,304.72,5515.29,21
21-06-2023,1000,274.88,0.29,Rainy,15.3,1,165.07,7529.21,66
22-06-2023,1004,466.21,0.06,Cloudy,30.2,1,129.73,2019.08,66
23-06-2023,1000,388.61,0.17,Cloudy,16.6,0,445.34,4657.3,38
24-06-2023,1007,344.16,0.29,Rainy,16.5,0,410,5365.66,30
25-06-2023,1000,479.72,0.05,Sunny,36.2,0,386.41,5867.44,40
26-06-2023,1000,258.66,0.21,Sunny,17.5,1,109.02,8365.25,83
27-06-2023,1001,481.63,0.18,Cloudy,17.9,0,419.05,2545.1,30
28-06-2023,1001,154,0.18,Cloudy,10,0,260.84,8270.48,56
29-06-2023,1005,293.5,0.21,Rainy,36.1,0,223.53,7235.91,63
30-06-2023,1006,207.96,0.28,Cloudy,33.8,0,303.13,6002.84,84
01-07-2023,1004,315.94,0.23,Rainy,28.8,0,125.63,7295.75,53
02-07-2023,1000,164.81,0.02,Cloudy,32.5,0,385.09,4708.16,59
03-07-2023,1000,436.61,0.26,Cloudy,14.6,0,317.15,2245.58,25
04-07-2023,1002,438.56,0.07,Cloudy,23.7,1,162.77,6991.89,58
05-07-2023,1001,482.09,0.11,Sunny,20.5,1,163.41,5722.05,77
06-07-2023,1004,161.87,0.14,Sunny,12.8,0,161.86,6754.37,55
07-07-2023,1009,349.33,0.14,Sunny,24.6,1,112.23,4041.99,62
08-07-2023,1005,289.69,0.13,Cloudy,37.6,0,319.24,9161.8,49
09-07-2023,1006,237.75,0.28,Rainy,11.2,0,417.74,6286.33,55
10-07-2023,1003,240.62,0.21,Rainy,18.7,0,96.82,1768.62,47
11-07-2023,1006,265.12,0.19,Rainy,16.2,1,109.11,5048.24,66
12-07-2023,1007,381.97,0.01,Rainy,17.1,1,313.38,7807.2,71
13-07-2023,1000,339.31,0.27,Sunny,37.3,0,409.6,8147.21,35
14-07-2023,1005,283.87,0.27,Sunny,24,1,217.43,5451.37,76
15-07-2023,1007,130.37,0.23,Cloudy,24,0,226.35,9052.73,71
16-07-2023,1004,131.11,0,Cloudy,32.8,0,322.58,3409.02,77
17-07-2023,1003,100.94,0.02,Rainy,14.6,0,196.94,4695.39,48
18-07-2023,1001,487.08,0.07,Sunny,24.6,0,100.38,9087.37,18
19-07-2023,1005,102.1,0.04,Rainy,22.9,0,376.74,9066.31,60
20-07-2023,1005,141.24,0.12,Cloudy,27.9,1,334,7171.41,80
21-07-2023,1000,225.84,0.28,Cloudy,40,0,316.49,8730.82,78
22-07-2023,1008,422.97,0.14,Rainy,33.1,0,379.26,1798.96,43
23-07-2023,1005,484.84,0,Cloudy,21.9,0,353.34,8784.95,33
24-07-2023,1002,416.01,0.08,Rainy,34.8,0,170.29,3885.58,45
25-07-2023,1003,376.22,0.01,Sunny,15.1,1,227.47,2604.98,56
26-07-2023,1003,308.52,0.01,Rainy,10.9,0,139.18,3154.33,29
27-07-2023,1002,134.68,0.08,Sunny,16.1,0,140.64,4761.72,50
28-07-2023,1009,483.27,0.08,Sunny,20.2,1,353.72,3260.73,45
29-07-2023,1002,403.36,0.24,Cloudy,25.3,0,424.85,3885.11,14
30-07-2023,1002,355.58,0.29,Cloudy,28.5,0,465.47,2214.81,35
31-07-2023,1003,403.61,0.11,Cloudy,37.3,0,335.06,3665.59,35
01-08-2023,1006,389.64,0.13,Rainy,25.3,0,161.8,6150.55,43
02-08-2023,1003,354.89,0.25,Rainy,25,0,131.2,4976.68,37
03-08-2023,1008,492.23,0.08,Cloudy,11.5,0,407.01,4120.47,13
04-08-2023,1000,461.35,0.05,Rainy,11,1,315.72,7718.07,46
05-08-2023,1007,358.67,0.26,Cloudy,26.5,1,331.13,9041.59,76
06-08-2023,1006,377.27,0.01,Rainy,23.1,0,394.77,7811.1,46
07-08-2023,1001,120.64,0.19,Sunny,35.2,0,364.28,3988.01,52
08-08-2023,1007,367.97,0.17,Sunny,14.8,1,415.44,7699.98,66
09-08-2023,1000,117.67,0.1,Cloudy,10.7,0,111.92,2367.82,50
10-08-2023,1008,335.31,0.09,Rainy,23.5,0,381.53,2172.86,25
11-08-2023,1008,499.74,0.23,Rainy,17.1,0,421.83,4110.64,10
12-08-2023,1001,322.32,0.03,Sunny,11.5,1,201.59,8269.32,72
13-08-2023,1006,289.28,0.07,Sunny,31.7,0,339.77,3217.13,32
14-08-2023,1009,225.14,0.22,Cloudy,13.3,0,212.52,1569.28,40
15-08-2023,1002,148.21,0.16,Sunny,28.2,0,463.61,2185.39,44
16-08-2023,1006,392.41,0.04,Cloudy,18.4,1,103.04,8728.7,78
17-08-2023,1009,177.04,0.26,Sunny,15.2,0,316.12,6704.05,76
18-08-2023,1008,146.11,0.12,Sunny,21.4,1,154.94,3278.81,74
19-08-2023,1003,268.71,0.25,Rainy,34,0,367.77,5997.66,57
20-08-2023,1000,418.14,0.24,Sunny,21.8,0,158.6,5748.22,23
21-08-2023,1001,398.03,0.19,Sunny,32.5,0,181.8,6898.92,50
22-08-2023,1000,121.95,0.15,Cloudy,13.8,0,282.8,3098.69,38
23-08-2023,1004,282.06,0.29,Sunny,33.2,1,446.79,8779.63,90
24-08-2023,1004,308.97,0.04,Cloudy,17.1,0,172.57,3784.32,26
25-08-2023,1006,357.82,0.22,Sunny,30.3,0,146.25,7247.18,41
26-08-2023,1008,360.07,0.06,Sunny,27,0,386,1145.12,19
27-08-2023,1008,245.88,0.1,Cloudy,37.9,0,285.24,4353.91,61
28-08-2023,1002,324.27,0.09,Rainy,21.6,0,445.6,4165.39,28
29-08-2023,1002,292.42,0.28,Cloudy,12,0,147.18,5891.36,44
30-08-2023,1002,454,0.29,Cloudy,10.6,1,341.91,1654.63,39
31-08-2023,1003,312.11,0.05,Cloudy,34.8,0,180.82,8111.18,51
01-09-2023,1007,276.41,0.01,Rainy,25.7,0,151.14,2960.03,42
02-09-2023,1005,261.79,0.22,Sunny,33.3,0,356.54,7093.34,47
03-09-2023,1007,328.97,0.13,Cloudy,17,0,321.54,8228.91,44
04-09-2023,1000,421.59,0.03,Cloudy,20.4,0,384.38,6056.89,45
05-09-2023,1007,315.36,0.21,Rainy,10.9,1,210.69,7667.95,61
06-09-2023,1003,364.66,0.16,Cloudy,38.8,0,264.71,6956.74,58
07-09-2023,1000,395.14,0.29,Sunny,30,0,248.13,4199.77,48
08-09-2023,1007,308.07,0.07,Rainy,38,0,473.79,8279.73,46
09-09-2023,1003,270.73,0.12,Sunny,18,1,203.98,3652.31,54
10-09-2023,1005,450.67,0.16,Sunny,28.3,0,204.98,6140.92,34
11-09-2023,1007,267,0.24,Rainy,30.4,0,228.27,7708.58,48
12-09-2023,1003,284.78,0.16,Cloudy,19.5,0,310.19,4410.6,58
13-09-2023,1002,496.14,0.18,Sunny,35.4,0,188.41,3724.91,25
14-09-2023,1008,100.1,0.07,Sunny,38.4,0,446.96,5134.11,61
15-09-2023,1002,174.19,0.25,Sunny,36.5,0,193.62,8361.67,56
16-09-2023,1008,253.59,0.13,Sunny,32.2,0,439.37,9369.3,70
17-09-2023,1001,473.04,0.04,Rainy,18.3,0,130.36,5905.75,17
18-09-2023,1001,128.01,0.2,Rainy,18.4,1,346.06,6953.2,90
19-09-2023,1001,103.79,0.06,Sunny,38.9,0,443.72,9129.46,86
20-09-2023,1005,121.07,0.03,Cloudy,10.3,0,155.81,1886.92,41
21-09-2023,1002,135.42,0.26,Sunny,31.5,0,467.65,3088.71,57
22-09-2023,1008,115.04,0.14,Cloudy,31.2,0,266.62,7380.1,68
23-09-2023,1003,291.91,0.22,Sunny,28.7,0,458.83,8413.7,58
24-09-2023,1000,332.3,0.09,Cloudy,39.7,0,353.96,8713.26,59
25-09-2023,1003,208.67,0.24,Sunny,19.4,0,207.62,4735.96,46
26-09-2023,1000,259.31,0.03,Cloudy,20.2,0,163.44,1804.06,38
27-09-2023,1004,136.68,0.11,Sunny,12.4,1,208.46,4940.03,78
28-09-2023,1003,234.55,0.29,Sunny,23.3,0,126.28,3076.61,29
29-09-2023,1007,309.01,0.24,Cloudy,17.8,1,146.11,3620.77,67
30-09-2023,1007,392.91,0.15,Rainy,20.3,0,130.82,7950.41,55
01-10-2023,1006,101.34,0.1,Cloudy,35,0,254.95,1679.74,51
02-10-2023,1002,286.92,0.26,Rainy,38.1,0,400.28,8448.23,49
03-10-2023,1000,218.8,0.16,Sunny,15.6,0,145.14,4849.02,36
04-10-2023,1000,441.13,0.23,Cloudy,21.2,0,140.82,6364.58,36
05-10-2023,1002,386.22,0.23,Cloudy,37.9,0,340.94,1806.87,38
06-10-2023,1005,335.64,0.01,Cloudy,11.9,1,166.9,4036.23,58
07-10-2023,1006,210.91,0.04,Rainy,12.8,1,128.07,1807.31,59
08-10-2023,1005,464.14,0.2,Rainy,14.9,0,155.07,9653.89,31
09-10-2023,1005,118.04,0.05,Sunny,27.9,0,450.26,8265.35,53
10-10-2023,1005,143.79,0.08,Rainy,14.5,0,410.37,5136.69,54
11-10-2023,1002,256.65,0.28,Rainy,39,0,228.09,3012.42,58
12-10-2023,1005,149.78,0.17,Sunny,23.4,0,345.77,9401.1,53
13-10-2023,1007,482.57,0.23,Cloudy,25,1,299.54,4101.37,37
14-10-2023,1001,419.2,0.17,Cloudy,17.4,0,354.08,2448.86,37
15-10-2023,1004,203.59,0.17,Sunny,24.1,0,356.24,6068.48,47
16-10-2023,1000,335.42,0.03,Cloudy,29.9,0,335.21,9493.97,61
17-10-2023,1000,492.93,0.1,Rainy,32.5,0,193.78,1034.47,17
18-10-2023,1004,453.68,0.08,Sunny,32.6,0,105.21,3143.12,25
19-10-2023,1002,340.32,0.12,Sunny,27.3,0,267.67,9446.03,52
20-10-2023,1003,461.49,0.24,Sunny,37.1,0,437.48,2539.77,18
21-10-2023,1002,495.67,0.11,Cloudy,34.5,0,312.1,2019.19,23
22-10-2023,1000,397.34,0.14,Sunny,32.7,0,414.63,6131.68,35
23-10-2023,1000,125.99,0.12,Sunny,11.7,1,476.73,8756.59,77
24-10-2023,1004,260.63,0.03,Sunny,10.2,0,153.81,5293.99,42
25-10-2023,1005,435.13,0.13,Cloudy,16.4,0,359.79,9951.08,31
26-10-2023,1002,192.23,0.06,Rainy,29.9,0,352.97,7112.55,58
27-10-2023,1008,432.26,0.06,Sunny,22.3,0,472.18,1666.67,9
28-10-2023,1004,148.14,0.03,Rainy,22.1,0,474.38,9935.49,82
29-10-2023,1007,118.78,0.11,Cloudy,36.5,1,357.8,4671.05,104
30-10-2023,1000,253.64,0.23,Cloudy,36.9,0,185.01,3586.62,59
31-10-2023,1004,114.69,0.08,Cloudy,37.3,0,401.44,6020.91,66
01-11-2023,1002,482.91,0.09,Cloudy,19.4,0,131.74,3738.77,1
02-11-2023,1000,430.48,0.19,Rainy,30.7,0,394.47,1778.12,45
03-11-2023,1003,420.31,0.06,Sunny,18.1,1,444.98,1012.86,48
04-11-2023,1004,351.91,0.27,Cloudy,15.7,1,239.31,5046.25,55
05-11-2023,1006,186.53,0.16,Cloudy,15.5,0,335.95,8531.77,60
06-11-2023,1000,307.3,0.13,Rainy,20.3,0,257.76,6150.84,53
07-11-2023,1002,338.91,0.17,Rainy,22.9,0,260.73,9992.87,47
08-11-2023,1001,310.01,0.05,Cloudy,34.9,1,211.04,3581.62,86
09-11-2023,1008,204.09,0.18,Sunny,13.6,0,387.23,3524.1,54
10-11-2023,1009,306.1,0.11,Sunny,32,1,455.11,2437.75,59
11-11-2023,1005,296.47,0.27,Cloudy,25.9,0,456.89,2476.57,31
12-11-2023,1009,498.53,0.05,Rainy,18.6,0,158.16,3566.68,26
13-11-2023,1002,458.97,0.15,Cloudy,24.8,0,431.15,8135.56,5
14-11-2023,1007,285.35,0.18,Cloudy,19,1,377.6,9151.81,77
15-11-2023,1007,349.17,0.01,Rainy,27.9,1,188.61,9775.78,64
16-11-2023,1001,399.15,0.11,Cloudy,23,0,116.24,3090.61,23
17-11-2023,1005,113.95,0.22,Cloudy,14.9,0,194.52,8931.68,60
18-11-2023,1006,457.97,0.25,Cloudy,13.5,0,445.76,3954.3,15
19-11-2023,1001,444.05,0.09,Rainy,26.4,0,336.94,2015.56,17
20-11-2023,1009,282.97,0.24,Sunny,37.1,0,371.21,8830.22,46
21-11-2023,1001,256.47,0.29,Sunny,20.3,0,190.29,6724.95,70
22-11-2023,1009,209.18,0.26,Rainy,32,1,370.56,2482.58,98
23-11-2023,1000,290.67,0.04,Sunny,29.8,0,100.97,4868.48,33
24-11-2023,1007,117.75,0.22,Cloudy,37.9,1,236.38,3585.32,110
25-11-2023,1000,440.88,0.1,Sunny,34.6,0,334.43,7631.15,34
26-11-2023,1008,114.17,0.3,Cloudy,27,0,146.98,5080.75,63
27-11-2023,1005,231.62,0.15,Sunny,29.7,0,410.97,9903.52,60
28-11-2023,1006,472.64,0.04,Rainy,37,0,181.66,1492.7,17
29-11-2023,1009,394.09,0.22,Sunny,22,0,344.39,4195.14,39
30-11-2023,1006,212.56,0.1,Sunny,19.8,0,248.03,5337.1,50
01-12-2023,1009,201.06,0.3,Sunny,10.3,0,322.46,5528.2,41
02-12-2023,1002,102.03,0.29,Rainy,34.8,0,131.91,3843.42,51
03-12-2023,1001,378.29,0.2,Sunny,34,0,96.6,7563.16,35
04-12-2023,1008,119.51,0.04,Rainy,13.1,0,444.73,8872.72,45
05-12-2023,1007,313.04,0.21,Cloudy,27.3,1,195.16,9448.47,81
06-12-2023,1009,484.85,0.03,Sunny,23.9,1,409.67,8245.84,47
07-12-2023,1006,143.79,0.01,Rainy,13.6,0,479.75,8655.22,57
08-12-2023,1008,457.79,0.25,Rainy,39.4,0,172.46,5954.91,49
09-12-2023,1003,496.59,0.06,Sunny,16.4,0,193.42,8432.99,37
10-12-2023,1003,124.61,0.11,Cloudy,12,1,348.52,3731.54,80
11-12-2023,1000,453.16,0.29,Rainy,27.8,0,466.52,4586.31,26
12-12-2023,1007,306.43,0.1,Sunny,32.2,0,447.17,3852.22,61
13-12-2023,1002,462.61,0.09,Cloudy,11,0,286.12,5206.49,24
14-12-2023,1006,328.53,0.28,Rainy,29.8,0,400.09,3570.22,35
15-12-2023,1001,364.84,0.03,Rainy,26,0,142.94,9654.5,31
16-12-2023,1001,317.51,0.23,Cloudy,13.1,0,471.2,3815.6,36
17-12-2023,1006,445.8,0.3,Cloudy,15.2,0,466.1,1882.4,25
18-12-2023,1005,393.56,0.27,Sunny,27,0,153.85,5741.35,29
19-12-2023,1002,308.5,0.2,Sunny,18.9,0,206.78,1513.89,34
20-12-2023,1008,447.26,0.09,Rainy,38.1,0,129.06,1994.89,24
21-12-2023,1009,198.11,0.08,Cloudy,34.6,1,195.97,2974.5,81
22-12-2023,1005,162.94,0.25,Cloudy,39.5,0,408.22,5179.15,38
23-12-2023,1009,164.16,0.26,Cloudy,17.8,1,237.54,4899.26,80
24-12-2023,1009,233.6,0.16,Rainy,39.1,0,124.47,8197.23,72
25-12-2023,1005,195.48,0.07,Cloudy,22.9,0,223.47,7655.27,50
26-12-2023,1000,472.04,0.03,Cloudy,20.4,1,472.74,4836.86,53
27-12-2023,1003,142.33,0.03,Rainy,11.5,0,335.58,4003.34,41
28-12-2023,1009,379.6,0.22,Sunny,11.6,1,252.3,3848.22,59
29-12-2023,1005,175.69,0.13,Sunny,30.8,0,154.95,7965.96,61
30-12-2023,1005,452.65,0.27,Rainy,23.7,1,474.61,1468.65,40
31-12-2023,1004,484.53,0.22,Cloudy,16.8,0,410.13,1115.39,25
01-01-2024,1000,286.19,0.06,Rainy,28.4,0,199.78,8159.9,61
02-01-2024,1007,451.63,0.18,Sunny,17.6,0,117.33,5294.32,18
03-01-2024,1004,102.06,0.13,Sunny,27.3,1,112.08,2177.93,92
04-01-2024,1004,427.98,0.17,Rainy,20.8,1,136.95,3120.09,59
05-01-2024,1006,191.45,0.22,Rainy,34.7,1,316.5,9392.54,103
06-01-2024,1003,463.48,0.24,Sunny,34.6,1,452.22,8735.53,51
07-01-2024,1005,100.45,0.25,Rainy,24.3,0,283.73,7388.07,76
08-01-2024,1003,322.47,0.08,Sunny,20.5,0,418.75,5340.03,32
09-01-2024,1002,402.65,0.01,Rainy,20.9,0,263.9,5682.91,27
10-01-2024,1006,203.48,0.22,Rainy,34.2,0,366.35,9777.2,92
11-01-2024,1007,177.25,0.03,Rainy,19.8,0,375.43,9691.93,64
12-01-2024,1003,133.64,0.09,Sunny,16.3,0,157.85,2937.42,46
13-01-2024,1001,230.57,0,Rainy,12.5,0,230.87,8299.94,27
14-01-2024,1009,323.94,0.2,Sunny,24,0,338.55,2775.18,49
15-01-2024,1002,146.34,0.05,Sunny,24.5,0,117.57,2921.84,40
16-01-2024,1000,250.68,0.2,Rainy,35.2,0,231,7084.84,46
17-01-2024,1007,103.63,0.3,Rainy,16.6,0,298.57,4645.01,53
18-01-2024,1002,427.47,0.02,Sunny,21.4,0,478.53,9383.9,50
19-01-2024,1009,151.38,0.02,Sunny,34.3,0,275.07,1801.09,63
20-01-2024,1006,213.34,0.1,Cloudy,34.7,0,408.26,5603.73,55
21-01-2024,1009,107.37,0.26,Sunny,21.5,0,258.51,9266.69,71
22-01-2024,1004,272.9,0.06,Cloudy,23.8,0,400.59,9137.02,46
23-01-2024,1009,436.05,0.11,Cloudy,19.1,0,322.21,2408.76,22
24-01-2024,1004,256.86,0.02,Cloudy,38,0,435.77,4299.74,52
25-01-2024,1006,171.8,0.23,Rainy,13.6,0,250.27,6572.09,62
26-01-2024,1008,401.48,0.12,Rainy,38,0,325.68,2434.55,43
27-01-2024,1004,415.52,0.23,Sunny,30.5,0,335.71,9712.2,48
28-01-2024,1000,169.5,0.27,Cloudy,25.9,1,252.78,9232.74,90
29-01-2024,1009,408.34,0.07,Rainy,11,1,146.28,2502.55,57
30-01-2024,1009,478.92,0.24,Rainy,24.3,0,126.49,2090.4,17
31-01-2024,1000,166.55,0.02,Rainy,22.2,0,96.5,1768.68,37
01-02-2024,1001,408.39,0.27,Rainy,14.8,0,430.68,9184.99,30
02-02-2024,1005,383.43,0.2,Rainy,29.7,0,182.23,2742.61,32
03-02-2024,1008,289.43,0.26,Cloudy,39.1,1,172.49,4746.56,89
04-02-2024,1007,123.17,0,Cloudy,26.9,0,377.05,5039.66,59
05-02-2024,1004,129.88,0.05,Cloudy,31.4,0,214.81,6391.1,53
06-02-2024,1000,440.97,0.12,Cloudy,12.1,0,287.36,1645.62,15
07-02-2024,1006,496.06,0.11,Sunny,22.5,1,153.38,3040.83,48
08-02-2024,1004,370.42,0.07,Cloudy,13.5,0,464.3,9383.41,40
09-02-2024,1005,278.38,0.11,Rainy,28.4,0,422.12,9175.69,63
10-02-2024,1006,359.03,0.04,Cloudy,38.2,0,426.88,8031.62,59
11-02-2024,1002,337.76,0.12,Sunny,29.9,0,248.64,1174.61,27
12-02-2024,1009,253.44,0.24,Rainy,12.3,0,387.32,3943.06,32
13-02-2024,1002,126.25,0.14,Cloudy,20.6,0,146.11,6651.63,50
14-02-2024,1004,428.61,0.01,Cloudy,26.5,1,93.36,3476.71,64
15-02-2024,1005,248.73,0.13,Cloudy,22.1,1,97.79,9186.28,99
16-02-2024,1008,427.51,0.01,Rainy,35,1,318.77,6705.01,65
17-02-2024,1004,201,0.29,Rainy,34.4,0,267.6,1647.16,47
18-02-2024,1000,100.41,0.04,Sunny,28.4,1,292.03,9181.05,117
19-02-2024,1003,163.58,0.21,Rainy,21.2,0,92.91,9619.9,68
20-02-2024,1004,287.42,0.29,Rainy,17.7,0,254.85,1699.41,37
21-02-2024,1009,477.72,0.25,Cloudy,13.2,0,370.05,5791.24,8
22-02-2024,1009,140.88,0.21,Rainy,20.6,0,262.65,3730.28,60
23-02-2024,1004,441.68,0.25,Cloudy,22.4,0,375.57,4535.55,16
24-02-2024,1006,310.81,0.29,Cloudy,30.3,0,180.88,2616.86,27
25-02-2024,1003,430.37,0.19,Rainy,29.7,0,407.13,6202.65,30
26-02-2024,1000,219.35,0.17,Sunny,12.1,1,319.49,9621.81,77
27-02-2024,1004,435.98,0.19,Sunny,21.9,0,172.2,5527.65,26
28-02-2024,1006,409.13,0.16,Rainy,15.5,0,182.32,1746.23,5
29-02-2024,1009,192.02,0.19,Sunny,14.7,0,334.93,6580.01,60
01-03-2024,1009,152.53,0.13,Cloudy,34.8,0,413.68,4062.01,71
02-03-2024,1005,447.22,0.07,Cloudy,11.3,0,252.09,8703.33,8
03-03-2024,1004,485.29,0.04,Rainy,22.6,0,190.74,4912.1,32
04-03-2024,1003,112.52,0.02,Sunny,15,0,428.13,2735.56,43
05-03-2024,1001,392.51,0.08,Sunny,36.4,0,351.01,2719.95,42
06-03-2024,1003,463.81,0.01,Cloudy,26.7,0,264.75,7918.88,32
07-03-2024,1009,442.94,0.17,Rainy,16.9,1,280.28,3390.29,51
08-03-2024,1009,485.81,0.09,Sunny,25.1,0,169.66,7905.1,27
09-03-2024,1002,404.04,0.25,Rainy,31.9,0,334.45,2852.99,43
10-03-2024,1009,276.92,0.02,Sunny,38.7,1,229.91,3895.18,67
11-03-2024,1000,224.78,0.07,Cloudy,16.6,0,478.3,5189.38,52
12-03-2024,1007,228.3,0.22,Cloudy,36.6,0,277.27,9488.76,75
13-03-2024,1004,389.77,0.18,Rainy,38,1,279.5,9385.58,85
14-03-2024,1003,398.33,0.02,Cloudy,37.5,0,310.68,2861.85,57
15-03-2024,1007,180.14,0.26,Sunny,29.1,0,447.53,4223.97,49
16-03-2024,1006,447.25,0.26,Cloudy,28.9,0,402.32,2344.59,33
17-03-2024,1001,385.97,0.1,Rainy,22.1,0,265.94,5589.87,32
18-03-2024,1000,325.1,0.1,Rainy,32.6,0,370.29,5145.24,56
19-03-2024,1003,288.61,0.3,Rainy,25.9,0,318.63,9106.84,52
20-03-2024,1007,317.29,0.19,Sunny,30.3,0,282.02,9370.05,48
21-03-2024,1001,163.7,0.16,Sunny,22.9,0,165,4452.11,67
22-03-2024,1002,181.48,0.25,Sunny,31.9,0,270.94,5425.64,53
23-03-2024,1000,136.47,0.09,Sunny,34.7,0,185.87,9066.13,57
24-03-2024,1000,161.46,0.13,Sunny,14.4,0,446.79,8260.37,52
25-03-2024,1002,281.48,0.08,Cloudy,35,0,220.81,1032.91,47
26-03-2024,1004,312.14,0.24,Sunny,26.2,0,461.38,3880.54,53
27-03-2024,1002,107.14,0.17,Sunny,35.3,1,297.89,4795.97,97
28-03-2024,1000,418.72,0.2,Cloudy,22.9,0,336.3,3067.45,38
29-03-2024,1000,217.67,0.08,Sunny,21.4,0,301.75,2796.14,30
30-03-2024,1007,464.73,0.07,Rainy,37.5,0,140.46,1340.06,20
31-03-2024,1009,487,0.15,Sunny,17.5,0,236.57,6790.33,20
01-04-2024,1001,174.18,0.22,Sunny,35.3,1,128.67,3362.59,85
02-04-2024,1002,284.84,0.16,Rainy,24.5,0,332.95,1471.12,37
03-04-2024,1001,100.49,0.01,Rainy,25.4,1,264.28,3078.81,95
04-04-2024,1002,339.33,0.26,Rainy,19.3,0,393.41,8217.23,37
05-04-2024,1006,342.92,0.02,Rainy,27.2,0,175.98,8663.4,48
06-04-2024,1000,199.02,0.29,Sunny,19.8,0,154.18,5347.6,50
07-04-2024,1009,323.37,0.01,Rainy,11.2,1,248.47,4744.64,53
08-04-2024,1007,190.22,0.21,Rainy,18.2,0,451.37,9800.68,58
09-04-2024,1009,164.33,0.02,Cloudy,10.2,0,367.06,2805.08,42
10-04-2024,1009,360.61,0.27,Rainy,39.4,0,253.38,2938.23,37
11-04-2024,1009,230.37,0.14,Rainy,39,0,291.74,3626.8,54
12-04-2024,1001,336.11,0.04,Cloudy,21.9,1,122.84,2554.82,63
13-04-2024,1002,273.3,0.1,Cloudy,31.9,0,473.98,4414.29,43
14-04-2024,1008,493.74,0.05,Sunny,20.4,0,349.9,9197.51,41
15-04-2024,1006,159.83,0.05,Cloudy,30.1,0,201.31,6538.13,50
16-04-2024,1003,285.84,0.28,Sunny,34.2,0,318.47,4707.52,40
17-04-2024,1009,372.18,0.13,Cloudy,38.4,1,132.7,9409.7,108
18-04-2024,1004,258.22,0.24,Cloudy,22,0,466.68,1436.18,27
19-04-2024,1001,489.88,0.19,Sunny,33.5,0,158.17,2892.49,10
20-04-2024,1007,388.76,0.2,Cloudy,18,1,342.73,6093,69
21-04-2024,1003,362.79,0.04,Sunny,39.7,0,185.73,6539.97,25
22-04-2024,1008,402.82,0.07,Cloudy,10.8,0,369.85,1356.02,15
23-04-2024,1004,481.06,0.24,Rainy,28.1,0,392.96,4627.35,46
24-04-2024,1008,463.13,0.29,Cloudy,29.8,0,352.63,6842.39,16
25-04-2024,1003,389.71,0.08,Sunny,30.6,0,329.65,7282.63,21
26-04-2024,1009,399.66,0.08,Cloudy,13.6,1,438.06,6743.26,45
27-04-2024,1004,158.37,0.14,Sunny,38.2,0,120.66,3885.07,70
28-04-2024,1008,141.12,0.3,Sunny,15.4,0,219.06,1841.68,58
29-04-2024,1007,328.36,0.08,Rainy,28.7,1,186.83,4844.01,66
30-04-2024,1002,107.35,0.12,Rainy,16.7,0,475.33,2158.79,58
01-05-2024,1000,292.94,0.27,Sunny,19.2,0,241.86,9528.61,63
02-05-2024,1002,184.14,0,Cloudy,26.4,0,375.72,5276.54,73
03-05-2024,1003,238.41,0.01,Sunny,22.5,1,357.04,3855.33,72
04-05-2024,1001,410.32,0.18,Sunny,14.8,0,172.71,7896.74,9
05-05-2024,1000,476.5,0.27,Cloudy,15.1,0,183.21,5481.54,12
06-05-2024,1006,128.97,0.07,Cloudy,22.5,1,199.7,3790.31,81
07-05-2024,1007,313.7,0.14,Cloudy,32.7,0,250.34,8307.71,49
08-05-2024,1006,453.01,0.14,Cloudy,36.9,0,181.39,8804.37,38
09-05-2024,1004,133,0.14,Sunny,12.5,1,97.66,7057.07,98
10-05-2024,1000,429.81,0.19,Sunny,21.8,0,432.96,1422.68,33
11-05-2024,1006,243.12,0.14,Rainy,13,0,466.59,6096.91,42
12-05-2024,1006,228.84,0.13,Sunny,10.5,1,223.21,7869.65,89
13-05-2024,1008,490.99,0.14,Cloudy,29.9,0,222.02,2228.53,23
14-05-2024,1002,180.34,0.18,Rainy,28.1,0,92.77,3058.04,52
15-05-2024,1008,377.28,0.16,Cloudy,14.9,1,355.3,8942.46,76
16-05-2024,1000,428.58,0.26,Sunny,17,1,411.92,1181.1,48
17-05-2024,1000,116.47,0.01,Rainy,10.7,0,147.18,7774.54,79
18-05-2024,1003,368.15,0.25,Cloudy,35,0,152.27,5263.96,26
19-05-2024,1008,480.62,0.25,Rainy,39.2,0,398.13,5020.95,26
20-05-2024,1005,149.69,0.09,Rainy,14.1,0,330.35,1063.87,42
21-05-2024,1002,458.49,0.14,Sunny,16.9,0,107.5,8374.58,33
22-05-2024,1000,337.91,0.13,Cloudy,36.1,0,332.79,4238.42,55
23-05-2024,1003,346.64,0.07,Rainy,37.8,0,210.48,5866.89,45
24-05-2024,1008,345.18,0.12,Rainy,22.6,0,233.8,7095.71,26
25-05-2024,1002,219.53,0.01,Cloudy,11.5,0,390.2,7323.67,56
26-05-2024,1008,474.08,0.08,Rainy,11.2,0,406.26,9603.82,34
27-05-2024,1006,478.94,0.25,Rainy,27.2,0,246.14,5782.06,7
28-05-2024,1003,350.12,0.09,Rainy,21.8,0,459.39,4597.48,35
29-05-2024,1002,413.37,0.25,Cloudy,10.9,0,248.52,9583.33,17
30-05-2024,1009,344.9,0.16,Cloudy,27.5,0,391.02,6778.99,36
31-05-2024,1004,293.76,0.26,Cloudy,10.3,0,278.71,3683.35,24
01-06-2024,1004,364.33,0.17,Cloudy,33.6,0,440.04,2138.18,42
02-06-2024,1002,321.2,0.01,Sunny,19.2,1,444.03,8582.99,75
03-06-2024,1008,338.99,0.2,Rainy,11.2,0,124.09,4259.63,17
04-06-2024,1003,413.53,0.01,Cloudy,27.7,1,455.23,6944.23,75
05-06-2024,1004,292.36,0.14,Rainy,21.9,0,411.96,5237.35,27
06-06-2024,1003,116.3,0.28,Rainy,39.2,0,398.61,2790.37,66
07-06-2024,1004,165.6,0.05,Sunny,26.3,1,168.36,6415.18,81
08-06-2024,1006,275.44,0.12,Cloudy,18.3,0,404,1546.15,31
09-06-2024,1008,389.93,0.22,Cloudy,31.3,0,421.55,4720.08,41
10-06-2024,1006,337.31,0.26,Rainy,18.1,0,202.77,5919.53,42
11-06-2024,1004,360.12,0.2,Cloudy,37.1,0,461.38,4924.42,55
12-06-2024,1009,291.71,0.08,Rainy,21.2,0,109.45,7738.05,46
13-06-2024,1009,346.3,0.2,Rainy,26.5,0,148.46,8451.32,48
14-06-2024,1006,231.61,0.09,Sunny,11.5,0,299.66,7941.19,44
15-06-2024,1009,288.07,0.22,Sunny,22.8,0,314.56,1349.32,37
16-06-2024,1004,397.71,0.29,Sunny,35,1,341.61,2747.16,67
17-06-2024,1002,448.73,0.22,Rainy,34.2,0,96.62,5829.47,32
18-06-2024,1006,273.46,0.26,Cloudy,16.7,0,464.54,9413.4,31
19-06-2024,1001,117.46,0,Sunny,16.8,1,107.39,8514.61,96
20-06-2024,1008,164.67,0.22,Cloudy,34.5,0,145.79,8582.81,71
21-06-2024,1009,108.34,0.25,Sunny,37.9,0,95.47,3728.87,58
22-06-2024,1009,361.31,0.01,Sunny,12.9,0,311.07,4865.03,17
23-06-2024,1000,232.93,0.26,Rainy,23.5,0,453.58,5236.35,63
24-06-2024,1005,316.99,0.08,Sunny,20.1,0,349.72,2416.34,38
25-06-2024,1006,297.31,0.2,Sunny,36.1,0,410.84,1279.61,38
26-06-2024,1007,132.61,0.24,Rainy,12.5,1,95.18,9522.13,80
27-06-2024,1009,261.3,0.2,Cloudy,16.3,0,301.39,3166.41,30
28-06-2024,1008,188.22,0.03,Sunny,32.6,0,269.23,3159.54,66
29-06-2024,1001,267.36,0.18,Rainy,11.5,0,284.6,1750.41,33
30-06-2024,1009,181.43,0.16,Sunny,24.8,0,118.16,9356.57,57
01-07-2024,1001,436.18,0.27,Rainy,23.3,1,356.93,6217.63,65
02-07-2024,1004,169.68,0.12,Cloudy,20,0,286.26,7003.33,48
03-07-2024,1004,484.31,0.1,Cloudy,21.8,0,388.41,9204.19,45
04-07-2024,1005,266.36,0.22,Rainy,25.9,1,279.26,4110.58,88
05-07-2024,1002,438.5,0.12,Rainy,14.8,0,148.26,6593.57,22
06-07-2024,1007,351.51,0.19,Rainy,27.2,0,342.82,1349.2,24
07-07-2024,1000,394.14,0.19,Cloudy,34.2,0,157.23,2680.95,6
08-07-2024,1005,407.09,0.27,Sunny,32.8,1,430.23,8481.21,57
09-07-2024,1003,301.94,0.18,Cloudy,14.6,0,329.12,7900.92,29
10-07-2024,1000,317.32,0.15,Rainy,14.5,1,151.31,4155.78,65
11-07-2024,1006,305.6,0.04,Rainy,18,0,465.31,4391.3,33
12-07-2024,1008,335.22,0.03,Cloudy,20.8,0,292.16,5801.99,25
13-07-2024,1003,111.76,0.05,Rainy,22.3,1,118.43,1002.17,79
14-07-2024,1003,258.21,0.05,Cloudy,30.4,0,334.46,3171.2,50
15-07-2024,1005,342.48,0.19,Rainy,11.7,0,188.75,2874.09,32
16-07-2024,1002,339.09,0.22,Sunny,11,0,403.44,3254.35,9
17-07-2024,1005,417.18,0.16,Sunny,21.8,0,408.95,8253.15,34
18-07-2024,1006,362,0.25,Rainy,30.9,0,471.79,3517.06,22
19-07-2024,1009,496.85,0.3,Cloudy,15.8,0,285.73,2723.69,22
20-07-2024,1009,213.54,0.25,Sunny,29.2,0,267.43,5538.37,62
21-07-2024,1002,243.66,0.21,Cloudy,17.8,0,383.86,8790.81,43
22-07-2024,1006,253.54,0.16,Rainy,36.6,0,141.66,3172.15,41
23-07-2024,1002,286.33,0.13,Cloudy,36.9,0,303.3,1706.83,38
24-07-2024,1001,434.4,0.03,Sunny,18.9,0,303.04,4207.64,1
25-07-2024,1009,194.32,0.12,Cloudy,16.9,1,124.89,7728.87,87
26-07-2024,1003,410.4,0.27,Cloudy,22.3,0,253.01,5956.21,29
27-07-2024,1007,262.12,0.24,Rainy,17.2,0,422.78,8351.14,58
28-07-2024,1008,340.74,0.06,Rainy,30.2,1,423.9,9636.33,69
29-07-2024,1006,353.02,0.14,Rainy,34.8,0,128.7,8133.96,42
30-07-2024,1000,249.14,0.25,Sunny,30.2,1,125.38,6434.23,67
31-07-2024,1002,305.05,0.02,Sunny,34.7,0,192.45,5440.07,37
01-08-2024,1008,265.21,0.12,Rainy,21.9,0,431.16,1360.62,25
02-08-2024,1000,127.65,0.26,Rainy,14.7,0,140.27,9858.9,74
03-08-2024,1008,274.87,0.12,Sunny,32.1,0,370.8,4451.33,40
04-08-2024,1007,138.96,0.02,Sunny,20.8,0,129.45,2370.05,52
05-08-2024,1000,262.01,0.16,Sunny,30.1,0,333.02,7000.38,49
06-08-2024,1005,337.17,0.26,Sunny,18.1,0,228.87,3558.59,19
07-08-2024,1004,331.77,0.18,Rainy,12.4,0,397.68,6272,33
08-08-2024,1005,365.05,0.07,Sunny,39.8,0,181.14,6280.91,51
09-08-2024,1009,138.1,0.12,Rainy,14.7,0,339.29,5011.57,41
10-08-2024,1004,360.85,0.14,Cloudy,39.7,0,181.92,8525.07,58
11-08-2024,1005,224.86,0.17,Cloudy,39.3,0,368.33,3384.7,45
12-08-2024,1004,259.62,0.23,Sunny,33.8,1,430.73,5037.69,76
13-08-2024,1004,443.19,0.03,Cloudy,29.8,0,139.45,5839.23,37
14-08-2024,1003,103.61,0.27,Cloudy,27.3,1,427.97,6972.62,90
15-08-2024,1002,335.37,0,Cloudy,36,0,321.49,8055.75,50
16-08-2024,1002,339.49,0.11,Sunny,18.7,0,139.57,4553.27,31
17-08-2024,1003,258.66,0.01,Sunny,24,0,256.74,6814.42,51
18-08-2024,1008,194.81,0.12,Cloudy,28.6,0,152.74,2355.5,25
19-08-2024,1001,193.87,0.16,Rainy,22.3,0,363.14,9393.83,42
20-08-2024,1008,453.48,0.15,Cloudy,22.8,0,385.96,4447.53,31
21-08-2024,1000,276.81,0.05,Sunny,19.9,0,131.26,7565.69,57
22-08-2024,1000,232.36,0.19,Sunny,26.9,0,287.39,1183.07,33
23-08-2024,1004,279.51,0.01,Sunny,35.5,0,407.7,2846.68,43
24-08-2024,1005,367.76,0.23,Cloudy,16,0,455.1,5383.74,34
25-08-2024,1005,158.3,0.28,Rainy,38,0,290.27,8904.27,77
26-08-2024,1002,279.77,0.1,Sunny,30.7,1,460.61,5745.3,58
27-08-2024,1006,335.15,0.16,Sunny,34.7,0,298.92,9368.83,43
28-08-2024,1008,479.43,0.11,Cloudy,26.7,0,243.73,5354.17,22
29-08-2024,1009,201.01,0,Rainy,33.4,0,420.8,5414.04,64
30-08-2024,1007,243.7,0.12,Cloudy,10.5,0,282.26,2077.72,60
31-08-2024,1005,251.74,0.24,Sunny,34.6,0,274.04,8223.91,56
01-09-2024,1007,342.22,0.18,Rainy,11.2,0,281.22,3222.69,13
02-09-2024,1004,242.69,0.03,Rainy,36.7,0,420.25,9096.51,66
03-09-2024,1007,313.4,0.25,Sunny,39.8,0,414.46,9197.42,70
04-09-2024,1009,412.72,0.16,Rainy,18.8,1,247.37,9489.79,68
05-09-2024,1003,382.15,0.25,Rainy,16.3,1,219.99,5682.07,52
06-09-2024,1009,278.55,0.17,Cloudy,33,0,281.85,7093.84,62
07-09-2024,1007,445.69,0.17,Sunny,17.6,0,313.38,8006.64,36
08-09-2024,1009,323.26,0.03,Sunny,36,0,182.95,2179.13,29
09-09-2024,1001,315.96,0.05,Sunny,13.1,0,399.64,6408.61,41
10-09-2024,1004,113.68,0.29,Sunny,13.8,0,279.73,1308.68,58
11-09-2024,1008,494.68,0.07,Sunny,39.4,0,220.28,5478.09,43
12-09-2024,1003,149.19,0.29,Rainy,30.2,1,131.66,2393.58,84
13-09-2024,1005,192.45,0.16,Cloudy,35.4,0,183.15,2646.31,50
14-09-2024,1000,120.68,0.04,Sunny,19.7,0,460.22,4285.43,68
15-09-2024,1008,356,0.03,Cloudy,30.3,0,208.99,4891.93,27
16-09-2024,1000,189.88,0.06,Cloudy,27.8,0,155.86,6608.55,62
17-09-2024,1004,172,0.28,Rainy,28.1,0,269.66,1669.86,36
18-09-2024,1003,135.42,0.12,Sunny,30.5,1,209.76,5533.23,103
19-09-2024,1002,141.32,0.12,Rainy,27.3,0,103.71,2643.63,52
20-09-2024,1005,333.87,0.09,Sunny,22.9,0,216.03,6165.78,53
21-09-2024,1001,375.28,0.04,Rainy,18.3,0,302.2,6736.64,40
22-09-2024,1002,258.95,0.15,Cloudy,33.1,0,305.17,6010.38,40
23-09-2024,1004,291.96,0.04,Sunny,16.8,0,229.06,7644.66,58
24-09-2024,1008,374.39,0.25,Cloudy,30.8,0,264.45,4020.48,51
25-09-2024,1001,106.95,0.11,Cloudy,17,0,466.55,7885.96,72
26-09-2024,1009,229.25,0.11,Rainy,28.8,1,237.17,4894.9,73
27-09-2024,1007,489.24,0.14,Sunny,32.4,0,190.71,5357.66,24
28-09-2024,1001,332.04,0.13,Cloudy,16.6,0,184.95,6832.92,40
29-09-2024,1004,201.69,0.3,Rainy,11.8,0,268.53,1165.23,31
30-09-2024,1006,308.69,0.16,Sunny,13.9,0,386.21,6885.95,56
01-10-2024,1007,237.06,0.03,Sunny,28.2,0,170.34,6567.27,54
02-10-2024,1000,312.9,0.18,Cloudy,35.5,0,366.63,3788.62,17
03-10-2024,1005,150.3,0.05,Sunny,11.3,0,98.25,1772.15,47
04-10-2024,1000,153.09,0.01,Cloudy,32,0,253.38,1818.42,50
05-10-2024,1001,157.42,0.29,Sunny,20.2,0,392.59,9309.01,62
06-10-2024,1000,475.93,0.23,Rainy,24.4,1,222.11,7203.51,55
07-10-2024,1004,393.16,0.29,Cloudy,37.9,0,309.86,2143.92,41
08-10-2024,1009,164.95,0.14,Cloudy,20,0,169.94,4210.51,63
09-10-2024,1008,175.34,0.16,Sunny,24,0,379.38,6332.35,59
10-10-2024,1005,392.33,0.05,Sunny,10.4,1,110.39,8520.15,59
11-10-2024,1000,162.47,0.07,Cloudy,12.4,0,422.49,1392.95,42
12-10-2024,1000,193.82,0.25,Sunny,17.8,0,167.3,3129.7,45
13-10-2024,1001,485.34,0.11,Rainy,10.8,0,431.02,9007.74,16
14-10-2024,1008,202.12,0.25,Sunny,28.9,0,227.49,1082.49,52
15-10-2024,1002,364.65,0.21,Rainy,22.8,0,371.85,2812.59,35
16-10-2024,1000,491.45,0.05,Rainy,26.4,0,214.5,9631.22,48
17-10-2024,1004,249.72,0.15,Rainy,15.2,0,443.31,6520.62,58
18-10-2024,1006,107.01,0.2,Rainy,18.9,0,139.39,3355.04,48
19-10-2024,1005,197.66,0.07,Rainy,29.9,0,159.62,1602.92,56
20-10-2024,1000,432.35,0.25,Sunny,39,0,282.28,1253.72,19
21-10-2024,1004,445.84,0.16,Rainy,11.5,0,121.96,3202.71,24
22-10-2024,1004,407.41,0.05,Sunny,36.7,0,166.43,8933.37,40
23-10-2024,1005,145.24,0.17,Rainy,27.3,1,458.07,4743.22,78
24-10-2024,1002,418.2,0.3,Cloudy,26.9,1,470.83,7483,69
25-10-2024,1004,467.47,0.05,Rainy,25,1,236.74,9264.57,37
26-10-2024,1006,340.24,0.25,Cloudy,12.1,0,450.08,4672.36,13
27-10-2024,1004,476.35,0.06,Rainy,12.7,0,302.48,2721.5,12
28-10-2024,1004,430.74,0.23,Rainy,28,0,195.2,5654.06,33
29-10-2024,1004,366.79,0.22,Rainy,20.2,0,363.94,9172.75,38
30-10-2024,1009,330.87,0.09,Cloudy,37.5,0,346.97,8239.37,36
31-10-2024,1009,239.43,0.1,Cloudy,22.2,0,475.76,1592.47,32
01-11-2024,1002,163.71,0.24,Rainy,14.3,0,193.37,7233.16,59
02-11-2024,1000,341.98,0.14,Sunny,31.4,0,352.1,6147.08,49
03-11-2024,1004,227.24,0.22,Rainy,18.8,0,110.29,9167.17,54
04-11-2024,1008,446.58,0.04,Cloudy,25.8,1,134.32,2102.33,64
05-11-2024,1000,497.33,0.26,Rainy,30.9,0,91.53,5806.33,31
06-11-2024,1002,400.97,0.21,Cloudy,37,0,479.79,8915.16,38
07-11-2024,1003,136.19,0.27,Cloudy,33.8,1,402.89,4690.21,89
08-11-2024,1000,215.47,0.04,Cloudy,30.3,0,396.82,5337.95,40
09-11-2024,1000,143.64,0.18,Rainy,30.4,0,288.79,1634.15,53
10-11-2024,1007,360.2,0.18,Cloudy,38.4,0,207.03,3503.29,51
11-11-2024,1001,406.08,0.11,Cloudy,18.9,0,148.99,3920.56,33
12-11-2024,1007,470.27,0.14,Rainy,10,1,201.02,9506.1,71
13-11-2024,1006,275.27,0.01,Cloudy,18.2,0,236.63,3544.01,35
14-11-2024,1009,460.55,0.22,Rainy,16.5,0,384.96,5147.82,35
15-11-2024,1009,451.16,0.16,Cloudy,29.9,0,300.47,7041.74,31
16-11-2024,1001,226.88,0.02,Sunny,29,0,120.22,2459.65,61
17-11-2024,1005,447.56,0.2,Sunny,27.8,1,97.03,5377.98,59
18-11-2024,1005,250.27,0.14,Cloudy,10.5,0,129.91,7646.85,52
19-11-2024,1002,218.75,0.01,Sunny,31.9,0,250.09,8801.7,76
20-11-2024,1001,359.63,0.29,Rainy,19.7,0,453.95,6636.33,35
21-11-2024,1000,231.35,0.28,Sunny,30,0,338.59,7021.48,58
22-11-2024,1005,352.08,0.15,Cloudy,26.7,1,402.71,2136.55,75
23-11-2024,1004,343.93,0.03,Cloudy,20.3,0,271.89,9511.99,43
24-11-2024,1008,325.38,0.23,Rainy,14,0,231.05,2193.17,15
25-11-2024,1000,252.17,0.15,Cloudy,12.8,0,132.28,7972.06,68
26-11-2024,1006,319.4,0.09,Rainy,34.9,0,431.61,3383.35,37
27-11-2024,1004,338.59,0.15,Sunny,37.6,0,395.43,9402.34,55
28-11-2024,1004,318.27,0.16,Sunny,29.5,1,155.57,7479.64,89
29-11-2024,1001,277.77,0.17,Rainy,13.1,0,289.78,7784.32,38
30-11-2024,1002,105.87,0.13,Rainy,22.1,1,280.08,2971.53,76
01-12-2024,1006,334.82,0.18,Cloudy,31.9,0,333.79,4987.36,44
02-12-2024,1005,167.38,0.28,Sunny,33.4,0,459.01,6560.32,45
03-12-2024,1001,357.03,0.11,Rainy,13.5,0,316.11,7929.76,34
04-12-2024,1005,403.74,0.22,Sunny,10,0,300.68,1935.63,20
05-12-2024,1001,300.18,0.27,Rainy,31.4,1,109.63,9661.29,82
06-12-2024,1001,316.95,0.14,Sunny,20.7,0,114.53,9011.99,31
07-12-2024,1001,480.59,0.13,Cloudy,17.6,0,163.07,3433.14,33
08-12-2024,1002,438.87,0.18,Sunny,10.4,0,102.66,8404.84,29
09-12-2024,1001,465.69,0.18,Sunny,26.2,0,379.91,5664.92,42
10-12-2024,1003,425.51,0.24,Sunny,35.5,0,372.1,5156.26,32
11-12-2024,1008,143.57,0.14,Sunny,38.7,0,143.06,3829.91,53
12-12-2024,1005,159.6,0.3,Sunny,27,0,416.07,6228.72,62
13-12-2024,1000,310.65,0.02,Cloudy,25.4,0,150.37,7569,44
14-12-2024,1007,198.43,0,Rainy,12.6,0,207.46,4698.4,34
15-12-2024,1006,290.68,0.19,Sunny,26.5,0,187.1,6662.97,62
16-12-2024,1009,257.75,0.09,Cloudy,21.4,0,235.2,7293.82,43
17-12-2024,1002,319.77,0.07,Sunny,28.2,0,189.32,7400.1,28
18-12-2024,1000,398.75,0.09,Sunny,21.7,1,280.69,1467.69,67
19-12-2024,1004,386.2,0.08,Rainy,17.2,0,248.89,8737.73,32
20-12-2024,1003,308.49,0.01,Sunny,12.8,0,474.76,5124.28,29
21-12-2024,1009,428.96,0.29,Cloudy,19.4,0,111.81,3361.74,5
22-12-2024,1007,272.34,0.07,Cloudy,12.9,0,145.45,3175.88,52
23-12-2024,1000,458.69,0.22,Rainy,15.3,0,110.6,5347.13,9
24-12-2024,1009,128.51,0.23,Sunny,39.6,0,334.08,8981.48,75
25-12-2024,1000,481.86,0.28,Cloudy,23.3,0,111.26,4405.13,31
26-12-2024,1003,361.88,0.01,Sunny,26,0,416.21,7747.53,46
27-12-2024,1007,252.03,0.26,Sunny,36.2,0,289.66,1871.37,46
28-12-2024,1004,178.86,0.16,Sunny,39.9,1,295.53,5284.51,75
29-12-2024,1001,291.67,0.19,Rainy,27.5,1,309.02,9925.18,76
30-12-2024,1005,177.82,0.19,Sunny,34.4,0,156.62,7933.94,67
31-12-2024,1004,166.53,0.25,Cloudy,19.8,0,167.1,2894.76,41
01-01-2025,1001,346.94,0.1,Sunny,19.2,1,214.34,5512.97,67
02-01-2025,1002,309.23,0.22,Cloudy,22.1,0,321.46,3102.62,43
03-01-2025,1008,368.04,0.16,Sunny,30.2,1,171.95,4686.05,77
04-01-2025,1006,471.84,0.24,Cloudy,30.5,0,135.37,8020.76,21
05-01-2025,1006,312.9,0.3,Cloudy,19.5,1,468.35,7941.02,96
06-01-2025,1005,332.37,0.06,Sunny,14,0,98.57,3052.9,37
07-01-2025,1007,135.85,0.3,Sunny,29,1,403.05,9300.01,99
08-01-2025,1003,387.05,0.03,Cloudy,13.8,0,397.33,6333.11,41
09-01-2025,1007,259.96,0,Rainy,27.4,0,205.91,4419.32,70
10-01-2025,1003,490.69,0.01,Sunny,30.8,1,142.89,5517.42,42
11-01-2025,1007,429.27,0.1,Rainy,31,0,146.8,6445.64,33
12-01-2025,1008,308.99,0.19,Sunny,32.6,0,362,6039.01,23
13-01-2025,1002,149.29,0.02,Sunny,36.2,0,340.69,5377.65,65
14-01-2025,1002,443.77,0,Sunny,25,0,395.27,5544.4,32
15-01-2025,1001,419.91,0.28,Sunny,31.9,1,455.62,2587.71,58
16-01-2025,1009,173.83,0.25,Rainy,28.6,0,359.85,8314.6,57
17-01-2025,1002,218.11,0.24,Sunny,15.6,0,150.78,5875.84,27
18-01-2025,1002,417.36,0.27,Cloudy,10.8,0,184.94,2179.72,21
19-01-2025,1004,174.09,0.21,Cloudy,18.5,0,418.46,7895.41,72
20-01-2025,1004,467.1,0.03,Rainy,23.3,0,171.63,9392,27
21-01-2025,1001,269.81,0.12,Sunny,28.5,0,118.28,9525.76,60
22-01-2025,1009,134.82,0.22,Cloudy,35.5,0,364.28,4321.16,47
23-01-2025,1005,426.3,0.08,Rainy,15.9,1,246.99,2219.65,54
24-01-2025,1004,249.4,0.21,Sunny,13.8,0,448.82,5665.6,39
25-01-2025,1005,310.6,0.01,Cloudy,38.9,0,343.6,2013.48,34
26-01-2025,1000,144.92,0.09,Cloudy,13.2,1,125.26,9405.89,83
27-01-2025,1004,101.03,0.16,Rainy,24.4,0,459.66,2652.22,53
28-01-2025,1008,355.19,0.19,Sunny,27.6,1,190.84,3274.89,68
29-01-2025,1009,306.07,0.17,Sunny,26.2,0,221.51,4659.73,28
30-01-2025,1001,337.42,0.21,Cloudy,12.6,1,246.88,4448.48,57
31-01-2025,1000,417.5,0,Cloudy,11.7,0,109.98,8151.97,29
01-02-2025,1009,358.64,0.03,Cloudy,13.2,1,283.64,5106.85,49
02-02-2025,1008,169.91,0.26,Sunny,27.6,0,138.09,2536.91,69
03-02-2025,1009,244.31,0.2,Rainy,26.3,0,246.38,3404.89,36
04-02-2025,1008,462.36,0.03,Rainy,17,0,226.78,5582.02,16
05-02-2025,1008,407.98,0.25,Sunny,29.1,0,391.41,2327.09,18
06-02-2025,1005,322.65,0.07,Rainy,34.6,0,403.24,6504.9,66
07-02-2025,1007,202.26,0.14,Cloudy,11.2,0,149.83,6091.73,53
08-02-2025,1000,220.82,0.04,Rainy,24.9,0,232.95,7432.32,45
09-02-2025,1009,392.78,0.21,Rainy,30.7,0,235.61,9439.34,56
10-02-2025,1003,440.47,0.2,Rainy,17.6,0,149.05,9210.29,35
11-02-2025,1000,368.57,0.06,Cloudy,19.2,0,401.4,9514.68,44
12-02-2025,1007,423.81,0.26,Sunny,28.4,0,365.82,3202.44,24
13-02-2025,1000,406.66,0.12,Cloudy,36.9,0,164.25,2184.09,24
14-02-2025,1002,159.88,0.09,Sunny,34.3,0,233.02,3720.49,61
15-02-2025,1003,269.58,0.05,Sunny,27.5,0,131.26,9055.77,49
16-02-2025,1007,161.19,0.08,Sunny,31.9,0,335,9748.48,87
17-02-2025,1005,194.09,0.01,Rainy,20.9,0,137.34,8733.92,45
18-02-2025,1009,447.7,0.17,Rainy,29.2,1,474.51,1990.16,69
19-02-2025,1006,289.16,0.25,Sunny,24,0,394.47,9526.85,51
20-02-2025,1007,314.14,0.16,Sunny,15.7,0,242.19,4810.22,39
21-02-2025,1001,171.38,0.07,Rainy,31.1,0,315.64,1083.79,58
22-02-2025,1009,224.91,0.01,Cloudy,26.7,0,445.42,4981.54,44
23-02-2025,1007,192.1,0.06,Sunny,20.8,0,306.1,1414.62,52
24-02-2025,1002,182.47,0.12,Cloudy,37.3,0,158.05,5894.9,35
25-02-2025,1006,355.18,0.23,Rainy,10.6,0,237.69,4046.99,20
26-02-2025,1002,202.75,0.06,Sunny,19.5,0,418.83,5260.91,40
27-02-2025,1006,352.81,0.22,Cloudy,11.7,0,341.24,6518.53,21
28-02-2025,1001,123.38,0.26,Cloudy,33,0,343.78,8819.21,69
01-03-2025,1009,156.71,0.14,Cloudy,31.1,0,428.06,6957.11,67
02-03-2025,1005,209.82,0.25,Rainy,19.9,0,438.65,4906.44,55
03-03-2025,1002,338.82,0.17,Rainy,30.3,1,448.72,8374.85,80
04-03-2025,1002,370.34,0.19,Cloudy,21.9,0,126.99,9150.24,35
05-03-2025,1008,277.09,0.16,Cloudy,32.7,0,302.21,2077.84,46
06-03-2025,1006,278.32,0.14,Rainy,23.6,1,378.8,5787.4,76
07-03-2025,1004,389.81,0.07,Cloudy,22.4,0,385.2,3560.61,38
08-03-2025,1009,106.33,0.09,Cloudy,38,0,326.62,1423.55,68
09-03-2025,1006,236.44,0.09,Rainy,17.5,0,155.05,7016.92,49
10-03-2025,1008,427.48,0.17,Cloudy,13.6,1,400.99,8764.94,52
11-03-2025,1000,341.29,0.04,Cloudy,27.5,0,370.84,2466.12,28
12-03-2025,1006,234.89,0.28,Cloudy,39.1,0,123.59,8311.72,57
13-03-2025,1005,462.21,0.22,Rainy,21.3,0,270.89,8680.56,28
14-03-2025,1009,409.05,0.12,Cloudy,11.9,1,157.85,9229.06,66
15-03-2025,1008,205.96,0.05,Rainy,20.2,0,221.62,3387.57,53
16-03-2025,1000,358.12,0.26,Rainy,25.2,0,97.05,9135.58,44
17-03-2025,1003,338.3,0.25,Sunny,14.9,1,246.13,3885.96,61
18-03-2025,1008,260.48,0.22,Sunny,29.7,0,304.45,5971.04,52
19-03-2025,1003,246.78,0.08,Cloudy,39.9,0,331.64,1454.57,43
20-03-2025,1009,237.42,0.12,Rainy,23.6,0,348.76,1394.93,31
21-03-2025,1002,346.86,0.03,Sunny,20.6,0,416.15,7483.36,23
22-03-2025,1008,276.96,0.06,Cloudy,22,1,174.03,5000.32,66
23-03-2025,1001,432.75,0.23,Sunny,13.5,0,136.99,3306.63,24
24-03-2025,1003,367.84,0.21,Sunny,36.5,1,422.1,2713.72,59
25-03-2025,1005,127.97,0.18,Rainy,22.4,0,151.08,7029.58,60
26-03-2025,1001,356.07,0.27,Rainy,21.6,0,470.16,1003.61,31
27-03-2025,1007,208.46,0.17,Sunny,29.8,1,418.59,8253.02,95
28-03-2025,1007,337.12,0.14,Sunny,23.3,0,285.34,1713.25,20
29-03-2025,1000,372.05,0.1,Rainy,29.4,0,472.75,2723.41,42
30-03-2025,1002,192.33,0.28,Cloudy,11.8,0,127.98,4476.13,56
31-03-2025,1009,282.74,0.02,Rainy,34.4,1,208.2,5363.73,68
01-04-2025,1008,176.13,0.28,Sunny,38.2,0,338.91,4194.96,51
02-04-2025,1004,120.94,0.25,Cloudy,29.5,0,226.5,3886.41,72
03-04-2025,1005,251.39,0.04,Sunny,38.6,0,452.07,9675.24,62
04-04-2025,1003,245.18,0.17,Cloudy,14.5,0,115.59,6774.22,24
05-04-2025,1009,498.19,0.26,Sunny,24.3,0,304.27,1210.9,0
06-04-2025,1001,278.54,0.17,Cloudy,28.1,0,320.44,4871.58,43
07-04-2025,1007,233.43,0.27,Cloudy,27.5,0,344.56,8875.08,46
08-04-2025,1005,332.19,0.28,Sunny,22,0,189.71,3713.11,31
09-04-2025,1004,135.51,0.13,Cloudy,20.1,0,232.18,1851.01,50
10-04-2025,1008,484.67,0.11,Rainy,13.8,1,419.04,7825.46,68
11-04-2025,1000,353.98,0.28,Sunny,21.8,0,166.03,6454.12,35
12-04-2025,1004,401.94,0.2,Rainy,14.9,1,412.48,6132.81,70
13-04-2025,1005,168.19,0.03,Sunny,32,0,309.44,1482.19,66
14-04-2025,1004,263.79,0.01,Cloudy,16.3,0,387.25,2264.49,50
15-04-2025,1005,269.08,0.17,Cloudy,11.8,1,368.31,6602.94,75
16-04-2025,1005,428.72,0.28,Cloudy,26.6,0,170.93,2870.41,6
17-04-2025,1006,100.49,0.25,Sunny,27.9,0,311.84,5536.63,69
18-04-2025,1003,220.34,0.2,Rainy,36.2,1,428.41,5903.94,98
19-04-2025,1007,492.49,0.04,Rainy,27.3,0,258.53,3551.56,20
20-04-2025,1006,289.95,0.08,Sunny,20.4,0,466.97,9535.83,67
21-04-2025,1008,253.01,0.26,Sunny,34.1,0,266.36,8582.18,67
22-04-2025,1006,147.93,0.05,Rainy,26.2,0,145.69,7501.36,68
23-04-2025,1002,489.67,0.08,Rainy,12.4,0,241.88,1701.94,21
24-04-2025,1002,108.01,0.04,Rainy,27,0,461.16,1955.17,59
25-04-2025,1007,394.87,0.2,Rainy,37.2,0,214.69,5435.03,15
26-04-2025,1004,407.44,0.28,Sunny,21.9,0,428.56,2446.42,20
27-04-2025,1003,197.46,0.08,Sunny,18.9,0,433.69,9804.39,71
28-04-2025,1007,368.62,0.14,Cloudy,14.3,0,226.57,2426.68,17
29-04-2025,1005,137.17,0.19,Rainy,14.5,0,122.47,5387.21,52
30-04-2025,1001,202.82,0.3,Cloudy,23,0,372.58,4277.09,39
01-05-2025,1003,415.16,0.03,Sunny,27.9,0,211.49,6754.48,53
02-05-2025,1003,445.87,0.15,Sunny,12.4,0,395.34,2161.33,32
03-05-2025,1005,343.39,0.12,Cloudy,38.2,0,262.64,4872.85,35
04-05-2025,1005,302.74,0.26,Rainy,32.7,0,279.25,3472.35,44
05-05-2025,1000,163.72,0.14,Rainy,27.6,1,393.38,8989.76,88
06-05-2025,1007,125.24,0.03,Rainy,34.9,0,239.12,1365.27,63
07-05-2025,1005,147.06,0.19,Rainy,12.4,0,262.82,9223.55,65
08-05-2025,1002,190.94,0.23,Cloudy,24.3,0,236.71,8496.95,68
09-05-2025,1008,236.67,0,Cloudy,28.9,0,233.26,3678.14,51
10-05-2025,1001,252.36,0.26,Sunny,34.9,1,295.12,8103.62,117
11-05-2025,1007,238.53,0.06,Rainy,33.5,1,405.43,1280.92,65
12-05-2025,1009,195.62,0.17,Rainy,18.3,0,231.09,9701.79,41
13-05-2025,1002,303.89,0.12,Rainy,38.2,0,294.46,5739.35,46
14-05-2025,1004,430.11,0.22,Cloudy,13.7,1,351.58,3729.53,35
15-05-2025,1005,211.88,0.11,Rainy,36.3,1,195.08,4263.25,70
16-05-2025,1009,476.95,0.26,Cloudy,39.1,0,198.23,1597.65,15
17-05-2025,1005,449.33,0.22,Rainy,15.3,0,454.03,9904.15,23
18-05-2025,1003,164.71,0.19,Rainy,31.7,0,372.18,1353.63,42
19-05-2025,1002,414.51,0.24,Sunny,11.2,1,315.1,6894.16,63
20-05-2025,1003,329.83,0.23,Rainy,22.2,0,342.61,4984.62,33
21-05-2025,1000,326.63,0.01,Rainy,25.5,0,101.43,9540.25,47
22-05-2025,1003,256.42,0.12,Sunny,27.4,0,331.06,3214,53
23-05-2025,1000,300.46,0.28,Cloudy,38.1,0,288.71,5788.78,42
24-05-2025,1000,258.87,0.04,Cloudy,30.2,0,302.84,5341.21,47
25-05-2025,1009,315.89,0.22,Rainy,24.4,1,230.18,7325.8,78
26-05-2025,1005,351.18,0.29,Cloudy,34.3,0,121.77,1612.09,15
27-05-2025,1004,369.72,0.02,Rainy,38.5,0,165.4,2744.1,13
28-05-2025,1003,312.99,0.2,Sunny,10.7,0,460.79,2931.08,33
29-05-2025,1002,388.57,0.14,Sunny,39.5,0,249.39,7643.36,51
30-05-2025,1000,156.51,0.17,Rainy,12.6,0,272.01,2702.25,66
31-05-2025,1005,184.79,0.03,Sunny,34.4,0,110.56,6161.43,62
01-06-2025,1001,427.49,0.01,Sunny,18.4,0,104.65,2937.19,30
02-06-2025,1007,229.01,0.2,Rainy,14,0,369.7,8754.62,49
03-06-2025,1009,109.16,0.25,Rainy,23.2,0,299.86,9479.67,72
04-06-2025,1004,161.52,0.23,Sunny,29.3,0,288.4,5666.44,76
05-06-2025,1006,189.45,0.16,Cloudy,21.4,1,184.82,4170.78,58
06-06-2025,1009,482.93,0.03,Cloudy,11.6,1,380.45,3106.52,47
07-06-2025,1001,329.22,0.21,Rainy,28,0,155.61,1448.03,55
08-06-2025,1007,473.09,0.07,Rainy,37.1,0,164.07,3416.5,30
09-06-2025,1001,330.07,0.27,Cloudy,21.5,1,269.68,6888.12,88
10-06-2025,1003,291.74,0.25,Sunny,16.5,0,201.65,5802.55,34
11-06-2025,1000,225.49,0.21,Cloudy,23.3,1,186.51,9496.37,87
12-06-2025,1004,342.55,0.28,Cloudy,11.5,1,341.64,4566.5,60
13-06-2025,1008,155.68,0.01,Cloudy,34.6,0,343.88,7244.77,44
14-06-2025,1000,459.3,0.22,Cloudy,34.8,0,411.56,5403.9,20
15-06-2025,1008,431.73,0.1,Rainy,27.6,1,252.91,5613.19,50
16-06-2025,1007,227.01,0.27,Rainy,20.6,0,118.5,3409.97,52
17-06-2025,1005,481.12,0.08,Sunny,34,0,196.73,5094.56,37
18-06-2025,1006,430.08,0.22,Sunny,26.6,0,472.2,5237.06,34
19-06-2025,1002,366.52,0.26,Sunny,34.8,0,322.54,7359.78,53
20-06-2025,1000,148.7,0.01,Sunny,28.9,0,366.8,9465.76,66
21-06-2025,1004,291.29,0.12,Cloudy,33.5,0,92.87,3963.89,57
22-06-2025,1001,302.44,0.23,Rainy,28,1,292.1,1379.8,66
23-06-2025,1004,193.02,0.14,Rainy,22.4,0,104.64,5466.66,53
24-06-2025,1007,131.99,0.08,Sunny,38.7,0,312,5900.15,65
25-06-2025,1008,410.69,0.07,Sunny,26.2,0,449.1,2515.96,33
26-06-2025,1001,148.81,0.04,Cloudy,28.2,0,467.68,7844.18,60
27-06-2025,1002,337.72,0.26,Cloudy,16.6,0,300.82,9864.36,54
28-06-2025,1002,474.58,0.17,Sunny,28.8,1,268.7,9511.97,54
29-06-2025,1000,450.44,0.02,Rainy,27.1,1,458.56,2773.95,43
30-06-2025,1007,211.1,0.11,Rainy,15.5,0,352.71,8878.27,61
01-07-2025,1005,440.58,0.11,Rainy,11.8,0,115.31,7340.44,25
02-07-2025,1007,100.13,0.05,Sunny,28.1,0,271.63,5084.62,59
03-07-2025,1008,107.08,0.13,Rainy,32.9,0,183.7,5865.5,76
04-07-2025,1004,341.02,0.1,Cloudy,25.7,0,273.22,8646.4,39
05-07-2025,1002,245.92,0.1,Cloudy,16.8,0,267.63,5321.21,42
06-07-2025,1004,254.58,0.22,Sunny,30,1,317.04,4358.87,92
07-07-2025,1004,325.78,0.07,Cloudy,12.4,0,229.14,5439.23,49
08-07-2025,1004,176.71,0.19,Sunny,23.3,0,154.07,6212.17,72
09-07-2025,1002,184.7,0.17,Rainy,14.9,0,286.45,2701.7,41
10-07-2025,1009,293.84,0.17,Rainy,15.5,0,413.78,9108.17,58
11-07-2025,1003,401.7,0.2,Rainy,16.1,0,348.96,7067.68,22
12-07-2025,1008,347.8,0.16,Cloudy,21.6,0,221.96,6699.42,30
13-07-2025,1009,218.94,0.26,Sunny,11.5,0,454.85,1895.47,14
14-07-2025,1008,272.13,0.2,Rainy,21.9,0,445.76,6437.57,63
15-07-2025,1001,168.27,0.16,Sunny,25.4,0,171.65,2088.65,41
16-07-2025,1007,129.85,0.25,Rainy,24.5,0,105.37,1708.28,51
17-07-2025,1007,413.08,0.18,Cloudy,21.5,0,379.11,5745.8,21
18-07-2025,1006,206.15,0.09,Cloudy,35.2,0,412.77,4625.07,63
19-07-2025,1007,171.11,0.06,Sunny,14.4,1,467.47,6299.29,78
20-07-2025,1002,376.65,0.05,Cloudy,25.2,0,437.04,1803,15
21-07-2025,1005,347.22,0.27,Cloudy,11.9,0,324.21,4878.85,35
22-07-2025,1000,353.28,0.21,Sunny,12.1,0,296.72,2573.08,11
23-07-2025,1006,191.56,0.28,Rainy,27.2,0,100.86,9883.9,55
24-07-2025,1000,193.06,0.18,Cloudy,27,0,186.2,6050.35,35
25-07-2025,1008,188.32,0.14,Sunny,36.3,0,269.25,7186.93,49
26-07-2025,1000,169.5,0.02,Cloudy,26.7,0,335.12,3928.76,56
27-07-2025,1000,362.29,0.2,Cloudy,38.8,0,307.33,1852.65,17
28-07-2025,1006,439.21,0.17,Cloudy,11.5,1,379.63,9782.84,46
29-07-2025,1001,389.73,0.3,Cloudy,12.9,0,199.11,3576.33,24
30-07-2025,1004,416.84,0.07,Sunny,11.3,1,310.33,4814.27,48
31-07-2025,1007,261.92,0.16,Sunny,15.6,0,124.38,6848.78,65
01-08-2025,1007,361.63,0.2,Sunny,26.2,0,251.33,1222.28,47
02-08-2025,1002,241.69,0.19,Cloudy,29.4,1,382.56,8292.33,78
03-08-2025,1006,310.2,0.17,Cloudy,11.4,0,360.43,5829.2,41
04-08-2025,1002,292.65,0.23,Cloudy,38.4,0,476.35,3503.95,54
05-08-2025,1005,170.75,0.06,Sunny,35.3,0,198.38,1554.47,47
06-08-2025,1005,254.83,0.22,Cloudy,18.9,0,284.29,2462.49,23
07-08-2025,1002,485.53,0.19,Rainy,12.3,0,218.52,9055.3,25
08-08-2025,1006,199.43,0.27,Cloudy,15.1,0,261.84,7174.22,50
09-08-2025,1002,153.52,0.25,Rainy,13.8,1,424.21,3249.12,73
10-08-2025,1007,267.43,0.09,Cloudy,13.7,0,356.84,1590.41,37
11-08-2025,1009,416.14,0.08,Sunny,25.6,1,434.15,7215.54,58
12-08-2025,1003,332.86,0.29,Cloudy,17.4,1,169.37,6151.67,56
13-08-2025,1000,372.39,0.16,Rainy,20.7,0,430.61,4640.68,33
14-08-2025,1003,175.88,0.27,Rainy,39.7,0,113.31,4272.5,64
15-08-2025,1006,347.58,0.05,Cloudy,30.5,1,436.55,2951.33,54
16-08-2025,1003,229.4,0.19,Rainy,38.5,1,218.34,7026.5,99
17-08-2025,1005,433.72,0.24,Rainy,14.3,0,212.69,9736.01,15
18-08-2025,1008,351.72,0.28,Sunny,21.5,0,289.71,2581.44,24
19-08-2025,1000,179.54,0.1,Cloudy,26.6,0,456.87,6374.05,55
20-08-2025,1004,125.85,0.22,Cloudy,12.3,0,108.63,4817.67,46
21-08-2025,1006,117.05,0.16,Cloudy,10.1,0,227.37,5020.2,47
22-08-2025,1000,248.56,0.02,Rainy,30.1,0,424.06,3287.33,65
23-08-2025,1003,206.34,0.21,Cloudy,29.3,0,244.46,8426.21,52
24-08-2025,1005,358.44,0.21,Cloudy,22.3,0,167.67,5367.3,60
25-08-2025,1001,299.73,0.28,Sunny,24.7,0,255.67,5890.65,48
26-08-2025,1009,206.41,0.15,Sunny,22.5,0,240.37,3742.85,49
27-08-2025,1004,159.7,0.07,Sunny,10.7,0,447.01,2636.28,49
28-08-2025,1009,150.88,0.01,Rainy,20.1,0,387.15,1773.19,73
29-08-2025,1000,445.86,0.12,Cloudy,15.3,0,287,7427.07,17
30-08-2025,1005,197.39,0.09,Sunny,13,0,475.46,2766.11,31
31-08-2025,1005,360.68,0.23,Sunny,38.7,0,271.46,7210.68,40
01-09-2025,1003,424.27,0.11,Sunny,28,1,112.71,4513.39,60
02-09-2025,1007,345.63,0.28,Cloudy,31.9,0,192.29,4741.97,23
03-09-2025,1003,443.83,0.29,Cloudy,19.5,0,260.07,5222.6,26
04-09-2025,1007,256.96,0.19,Cloudy,21.8,0,151.19,4309.38,60
05-09-2025,1007,482.49,0.28,Rainy,17.1,1,459.55,1905.58,45
06-09-2025,1004,153.26,0.23,Rainy,12.9,0,389.07,3786.69,45
07-09-2025,1003,140.86,0.16,Sunny,15.4,0,194.63,6973.61,51
08-09-2025,1001,363.48,0.05,Cloudy,33.9,0,320.41,6992.06,53
09-09-2025,1002,477.13,0.14,Sunny,30.3,0,371.37,3576.02,16
10-09-2025,1002,423.55,0.17,Cloudy,26.4,0,457.1,5140.92,49
11-09-2025,1003,130.57,0.26,Cloudy,24.3,0,433.84,2741.03,73
12-09-2025,1003,211.75,0.14,Cloudy,37.7,0,290.92,2893.35,56
13-09-2025,1009,472.13,0.27,Rainy,12.2,0,392.11,1207.42,11
14-09-2025,1004,201.22,0.2,Rainy,18.4,0,309.24,9070.72,67
15-09-2025,1003,412.47,0.04,Cloudy,20.5,0,305.55,2896.36,35
16-09-2025,1009,430.05,0.3,Sunny,33.5,1,134.75,3047.8,51
17-09-2025,1007,298.18,0.16,Cloudy,39.8,0,139.19,3516.41,41
18-09-2025,1005,254.54,0.12,Cloudy,17.2,1,296.52,2146.67,54
19-09-2025,1005,280.05,0.2,Sunny,36.2,0,194.86,6753.37,57
20-09-2025,1007,190.79,0.03,Cloudy,34.9,0,98.2,1676.29,58
21-09-2025,1006,455.76,0.19,Sunny,16.7,0,371.91,2207.82,3
22-09-2025,1009,280.25,0.15,Rainy,22,1,102.67,6802.81,72
23-09-2025,1009,452.98,0.12,Rainy,22.3,0,322.16,4056.95,10
24-09-2025,1007,142.28,0.29,Sunny,39.3,0,300.29,7371.53,61
25-09-2025,1001,495.31,0.16,Rainy,15.4,0,467.84,6016.82,25
26-09-2025,1008,277.31,0.07,Rainy,34,0,278.84,3304.19,38
